{"cameraMode":{"drawMode":0,"name":"Shaded","section":"Shading Mode"},"sceneLighting":true,"audioPlay":false,"sceneViewState":{"showFog":true,"showMaterialUpdate":false,"showSkybox":true,"showFlares":true,"showImageEffects":true,"showParticleSystems":true},"in2DMode":false,"pivot":{"x":21.396533966064454,"y":-2.576892614364624,"z":0.28178784251213076},"rotation":{"x":0.4153681993484497,"y":0.01364414393901825,"z":-0.006231054197996855,"w":0.9095315337181091},"size":51.07514572143555,"orthographic":false}